{
  "center": [-82.51845946464847, 28.649453181118798],
  "zoom": 4
}
