{
  "center": [-69.21754052992804, 45.33744670390446],
  "zoom": 5
}
